ac_number,constituency,party_2021,votes_2021,region,reserved,turnout_2021,party_2026,votes_2026,turnout_2026,is_flip
1,Gummidipundi,DMK,126452,Chennai Metro,GEN,78.08,TVK,94320,92.58,True
2,Ponneri,INC,94528,Chennai Metro,SC,78.2,TVK,110439,89.63,True
3,Tiruttani,DMK,120314,Chennai Metro,GEN,78.76,AIADMK,89169,93.5,True
4,Thiruvallur,DMK,107709,Chennai Metro,GEN,77.2,TVK,92190,89.34,True
5,Poonamallee,DMK,149578,Chennai Metro,SC,72.99,TVK,161309,85.71,True
6,Avadi,DMK,150287,Chennai Metro,GEN,67.37,TVK,180384,78.96,True
7,Maduravoyal,DMK,121298,Chennai Metro,GEN,60.3,TVK,141725,74.9,True
8,Ambattur,DMK,114554,Chennai Metro,GEN,62.01,TVK,133339,74.21,True
9,Madavaram,DMK,151485,Chennai Metro,GEN,66.37,TVK,190462,78.43,True
10,Thiruvottiyur,DMK,88185,Chennai Metro,GEN,65.15,TVK,110067,79.21,True
11,Dr. Radhakrishnan Nagar,DMK,95763,Chennai Metro,GEN,70.98,TVK,97800,85.66,True
12,Perambur,DMK,105267,Chennai Metro,GEN,63.0,TVK,120365,75.77,True
13,Kolathur,DMK,105522,Chennai Metro,GEN,61.04,TVK,82997,72.03,True
14,Villivakkam,DMK,76127,Chennai Metro,GEN,55.92,TVK,66445,70.31,True
15,Thiru-Vi-Ka-Nagar,DMK,81727,Chennai Metro,SC,60.62,TVK,69125,72.21,True
16,Egmore,DMK,68832,Chennai Metro,SC,61.13,TVK,53901,73.38,True
17,Royapuram,DMK,64424,Chennai Metro,GEN,62.6,TVK,59091,75.07,True
18,Harbour,DMK,59317,Chennai Metro,GEN,57.64,DMK,45254,69.82,False
19,Chepauk-Thiruvallikeni,DMK,93285,Chennai Metro,GEN,58.33,DMK,62992,70.72,False
20,Thousand Lights,DMK,71867,Chennai Metro,GEN,56.25,TVK,58965,69.64,True
21,Anna Nagar,DMK,80054,Chennai Metro,GEN,57.33,TVK,71375,69.31,True
22,Virugampakkam,DMK,74351,Chennai Metro,GEN,57.59,TVK,76092,69.51,True
23,Saidapet,DMK,80194,Chennai Metro,GEN,57.36,TVK,81205,70.42,True
24,Theayagaraya Nagar,DMK,56035,Chennai Metro,GEN,55.99,TVK,51632,70.04,True
25,Mylapore,DMK,68392,Chennai Metro,GEN,56.6,TVK,70070,69.0,True
26,Velachery,INC,68493,Chennai Metro,GEN,56.18,TVK,80430,68.53,True
27,Shozhinganallur,DMK,171558,Chennai Metro,GEN,55.51,TVK,220382,69.5,True
28,Alandur,DMK,116785,Chennai Metro,GEN,60.82,TVK,112205,73.55,True
29,Sriperumbudur,INC,115353,Chennai Metro,SC,73.94,TVK,147611,85.37,True
30,Pallavaram,DMK,126427,Chennai Metro,GEN,60.86,TVK,133611,71.02,True
31,Tambaram,DMK,116840,Chennai Metro,GEN,59.55,TVK,118967,70.99,True
32,Chengalpattu,DMK,130573,Chennai Metro,GEN,63.54,TVK,137136,75.08,True
33,Thiruporur,VCK,93954,North,GEN,76.36,TVK,110095,87.94,True
34,Cheyyur,VCK,82750,North,SC,77.88,AIADMK,63809,90.31,True
35,Maduranthakam,AIADMK,86646,North,SC,80.65,AIADMK,69284,89.88,False
36,Uthiramerur,DMK,93427,North,GEN,80.1,TVK,84917,93.17,True
37,Kancheepuram,DMK,102712,North,GEN,73.28,TVK,91350,85.26,True
38,Arakonam,AIADMK,85399,North,SC,74.89,TVK,73776,88.46,True
39,Sholinghur,INC,110228,North,GEN,80.09,TVK,84506,94.26,True
40,Katpadi,DMK,85140,North,GEN,74.0,TVK,69868,85.15,True
41,Ranipet,DMK,103291,North,GEN,77.24,TVK,91149,88.89,True
42,Arcot,DMK,103885,North,GEN,79.62,AIADMK,105608,92.43,True
43,Vellore,DMK,84299,North,GEN,70.25,TVK,73032,82.7,True
44,Anaikattu,DMK,95159,North,GEN,77.05,AIADMK,76302,87.98,True
45,Kilvaithinankuppam,AIADMK,84579,North,SC,76.5,TVK,74305,88.6,True
46,Gudiyatham,DMK,100412,North,SC,72.56,TVK,82858,85.5,True
47,Vaniayambadi,AIADMK,88018,North,GEN,75.55,IUML,73181,86.34,True
48,Ambur,DMK,90476,North,GEN,74.01,DMK,74102,84.58,False
49,Jolarpet,DMK,89490,North,GEN,80.98,AIADMK,78633,91.48,True
50,Tiruppattur,DMK,96522,North,GEN,76.97,TVK,105098,86.69,True
51,Uthangarai,AIADMK,99675,North,SC,78.37,TVK,70201,89.99,True
52,Bargur,DMK,97256,North,GEN,79.08,AIADMK,71240,91.92,True
53,Krishnagiri,AIADMK,96050,North,GEN,78.5,TVK,89374,90.87,True
54,Veppanahalli,AIADMK,94104,North,GEN,81.31,DMK,74691,90.59,True
55,Hosur,DMK,118231,North,GEN,70.09,AIADMK,109867,79.71,True
56,Thalli,CPI,120641,North,GEN,77.06,CPI,78283,87.56,False
57,Palacode,AIADMK,110070,North,GEN,87.37,AIADMK,102807,98.0,False
58,Pennagaram,PMK,106123,North,GEN,85.0,TVK,81240,95.92,True
59,Dharmapuri,PMK,105630,North,GEN,79.69,PMK,93713,89.25,False
60,Pappireddippatti,AIADMK,114507,North,GEN,82.15,AIADMK,101829,92.83,False
61,Harur,AIADMK,99061,North,SC,78.46,AIADMK,75523,89.87,False
62,Chengam,DMK,108081,North,SC,80.66,AIADMK,87802,92.7,True
63,Tiruvannamalai,DMK,137876,North,GEN,71.69,DMK,88273,80.54,False
64,Kilpennathur,DMK,104675,North,GEN,79.35,AIADMK,90503,93.06,True
65,Kalasapakkam,DMK,94134,North,GEN,80.36,AIADMK,89629,91.17,True
66,Polur,AIADMK,97732,North,GEN,82.33,TVK,67961,96.51,True
67,Arani,AIADMK,102961,North,GEN,79.84,AIADMK,76735,93.59,False
68,Cheyyar,DMK,102460,North,GEN,81.69,AIADMK,86680,92.33,True
69,Vandavasi,DMK,102064,North,SC,76.81,DMK,63805,90.24,False
70,Gingee,DMK,109625,Central,GEN,78.21,PMK,78201,91.55,True
71,Mailam,PMK,81044,Central,GEN,79.5,AIADMK,82353,90.91,True
72,Tindivanam,AIADMK,87152,Central,SC,78.43,VCK,63833,90.97,True
73,Vanur,AIADMK,92219,Central,SC,79.79,DMK,68873,92.72,True
74,Villupuram,DMK,102271,Central,GEN,76.97,DMK,72982,89.94,False
75,Vikravandi,DMK,93730,Central,GEN,81.39,PMK,69727,92.39,True
76,Tirukkoyilur,DMK,110980,Central,GEN,76.27,AIADMK,73033,89.74,True
77,Ulundurpet,DMK,115451,Central,GEN,82.62,DMK,98471,95.02,False
78,Rishivandiam,DMK,113912,Central,GEN,80.18,DMK,89711,92.42,False
79,Sankarapuram,DMK,121186,Central,GEN,79.58,AIADMK,80250,86.67,True
80,Kallakurichi,AIADMK,110643,Central,SC,78.16,TVK,81132,93.07,True
81,Gangavalli,AIADMK,89568,Central,SC,77.11,AIADMK,73167,87.13,False
82,Attur,AIADMK,95308,Central,SC,77.26,AIADMK,80843,90.58,False
83,Yercaud,AIADMK,121561,Central,ST,83.09,AIADMK,87772,96.42,False
84,Omalur,AIADMK,142488,Central,GEN,83.28,AIADMK,112246,95.14,False
85,Mettur,PMK,97055,Central,GEN,75.01,AIADMK,86498,87.34,True
86,Edapadi,AIADMK,163154,Central,GEN,85.64,AIADMK,148933,96.81,False
87,Sankari,AIADMK,115472,Central,GEN,83.71,AIADMK,87342,96.33,False
88,Salem (West),PMK,105483,Central,GEN,71.81,TVK,120407,84.03,True
89,Salem (North),DMK,93432,Central,GEN,72.14,TVK,85710,81.66,True
90,Salem (South),AIADMK,97506,Central,GEN,76.0,TVK,91371,87.72,True
91,Veerapandi,AIADMK,111682,Central,GEN,85.64,TVK,79907,96.79,True
92,Rasipuram,DMK,90727,Central,SC,82.05,TVK,74808,94.46,True
93,Sendamangalam,DMK,90681,Central,ST,80.93,TVK,68815,95.44,True
94,Namakkal,DMK,106494,Central,GEN,78.57,TVK,79744,91.75,True
95,Paramathi-Velur,AIADMK,86034,Central,GEN,81.14,AIADMK,61349,92.2,False
96,Tiruchengode,DMK,81688,Central,GEN,78.71,TVK,79500,90.87,True
97,Kumarapalayam,AIADMK,100800,Central,GEN,78.85,TVK,81179,88.28,True
98,Erode (East),INC,67300,Kongu,GEN,66.24,TVK,69747,79.01,True
99,Erode (West),DMK,100757,Kongu,GEN,69.36,TVK,96836,81.21,True
100,Modakurichi,BJP,78125,Kongu,GEN,75.26,TVK,60715,84.7,True
101,Dharapuram,DMK,89986,Kongu,SC,74.15,AIADMK,81100,90.27,True
102,Kangayam,DMK,94197,Kongu,GEN,77.19,AIADMK,71122,91.75,True
103,Perundurai,AIADMK,85125,Kongu,GEN,82.6,AIADMK,70302,92.79,False
104,Bhavani,AIADMK,100915,Kongu,GEN,83.5,AIADMK,75577,94.93,False
105,Anthiyur,DMK,79096,Kongu,GEN,79.69,AIADMK,60042,91.38,True
106,Gobichettipalayam,AIADMK,108608,Kongu,GEN,82.52,TVK,82612,97.83,True
107,Bhavanisagar,AIADMK,99181,Kongu,SC,77.37,TVK,72391,90.17,True
108,Udhagamandalam,INC,65530,Kongu,GEN,67.82,BJP,48488,78.34,True
109,Gudalur,AIADMK,64496,Kongu,SC,72.15,DMK,65590,83.93,True
110,Coonoor,DMK,61820,Kongu,GEN,69.79,DMK,50470,82.34,False
111,Mettupalayam,AIADMK,105231,Kongu,GEN,75.14,TVK,75664,85.5,True
112,Avanashi,AIADMK,117284,Kongu,SC,75.18,TVK,84209,89.46,True
113,Tiruppur (North),AIADMK,113384,Kongu,GEN,62.44,TVK,131401,74.28,True
114,Tiruppur (South),DMK,75535,Kongu,GEN,62.74,TVK,73793,74.77,True
115,Palladam,AIADMK,126903,Kongu,GEN,66.7,TVK,121297,79.69,True
116,Sulur,AIADMK,118968,Kongu,GEN,75.57,TVK,90531,85.39,True
117,Kavundampalayam,AIADMK,135669,Kongu,GEN,66.13,TVK,146466,75.45,True
118,Coimbatore North,AIADMK,81454,Kongu,GEN,59.21,TVK,92500,71.44,True
119,Thondamuthur,AIADMK,124225,Kongu,GEN,70.22,AIADMK,93316,82.27,False
120,Coimbatore South,BJP,53209,Kongu,GEN,60.69,DMK,59724,72.97,True
121,Singanallur,AIADMK,81244,Kongu,GEN,61.73,TVK,84163,73.47,True
122,Kinathukadavu,AIADMK,101537,Kongu,GEN,70.64,TVK,99950,83.43,True
123,Pollachi,AIADMK,80567,Kongu,GEN,77.34,DMK,62013,87.77,True
124,Valparai,AIADMK,71672,Kongu,SC,70.04,DMK,54671,82.53,True
125,Udumalpet,AIADMK,96893,Kongu,GEN,71.31,DMK,68549,82.32,True
126,Madathukulam,AIADMK,84313,Kongu,GEN,72.45,DMK,70458,83.52,True
127,Palani,DMK,108566,South,GEN,73.33,AIADMK,66986,84.53,True
128,Oddanchatram,DMK,109970,South,GEN,83.08,DMK,93099,94.54,False
129,Athoor,DMK,165809,South,GEN,77.96,DMK,106240,87.58,False
130,Nilakottai,AIADMK,91461,South,SC,75.07,TVK,68580,86.49,True
131,Natham,AIADMK,107762,South,GEN,78.95,AIADMK,85708,91.69,False
132,Dindigul,AIADMK,90595,South,GEN,69.27,DMK,74489,80.51,True
133,Vedasandur,DMK,106481,South,GEN,80.16,DMK,84948,90.68,False
134,Aravakurichi,DMK,93369,Kongu,GEN,81.92,DMK,70827,93.64,False
135,Karur,DMK,101757,Kongu,GEN,83.57,AIADMK,71542,93.73,True
136,Krishnarayapuram,DMK,96540,Kongu,SC,84.17,TVK,62378,96.0,True
137,Kulithalai,DMK,100829,Kongu,GEN,86.16,DMK,68138,98.0,False
138,Manapparai,DMK,98077,Delta,GEN,76.02,TVK,83041,89.34,True
139,Srirangam,DMK,113904,Delta,GEN,76.15,TVK,103235,90.68,True
140,Tiruchirapalli (West),DMK,118133,Delta,GEN,67.01,DMK,88235,78.37,False
141,Tiruchirapalli (East),DMK,94302,Delta,GEN,66.87,TVK,91381,79.0,True
142,Thiruverambur,DMK,105424,Delta,GEN,66.59,TVK,89837,78.84,True
143,Lalgudi,DMK,84914,Delta,GEN,79.23,AIADMK,60795,90.04,True
144,Manachanallur,DMK,116334,Delta,GEN,79.63,DMK,81447,89.74,False
145,Musiri,DMK,90624,Delta,GEN,75.98,TVK,71281,86.8,True
146,Thuraiyur,DMK,87786,Delta,SC,76.63,TVK,66263,92.28,True
147,Perambalur,DMK,122090,Central,SC,78.2,TVK,90882,92.35,True
148,Kunnam,DMK,103922,Central,GEN,80.05,DMK,87237,90.48,False
149,Ariyalur,DMK,103975,Central,GEN,84.54,AIADMK,95219,96.75,True
150,Jayankondam,DMK,99529,Central,GEN,80.38,PMK,88992,92.09,True
151,Tittakudi,DMK,83726,Central,SC,76.3,DMK,63106,87.4,False
152,Vriddhachalam,INC,77064,Central,GEN,77.02,DMDK,69351,88.96,True
153,Neyveli,DMK,75177,Central,GEN,74.25,AIADMK,63731,86.46,True
154,Panruti,DMK,93801,Central,GEN,79.6,AIADMK,78398,95.13,True
155,Cuddalore,DMK,84563,Central,GEN,74.77,TVK,70856,87.77,True
156,Kurinjipadi,DMK,101456,Central,GEN,82.06,DMK,76695,95.0,False
157,Bhuvanagiri,AIADMK,96453,Central,GEN,78.57,AIADMK,75707,91.2,False
158,Chidambaram,AIADMK,91961,Central,GEN,71.93,DMK,69739,86.08,True
159,Kattumannarkoil,VCK,86056,Central,SC,75.87,VCK,85179,87.02,False
160,Sirkali,DMK,94057,Delta,SC,74.91,DMK,71449,86.22,False
161,Mayiladuthurai,INC,73642,Delta,GEN,70.14,INC,68011,81.94,False
162,Poompuhar,DMK,96102,Delta,GEN,75.19,DMK,81096,88.94,False
163,Nagapattinam,VCK,66281,Delta,GEN,71.97,DMK,56305,83.63,True
164,Kilvelur,CPIM,67988,Delta,SC,79.43,CPIM,56108,89.43,False
165,Vedaranyam,AIADMK,78719,Delta,GEN,80.6,AIADMK,59172,93.27,False
166,Thiruthuraipundi,CPI,97092,Delta,SC,76.74,CPI,74062,90.11,False
167,Mannargudi,DMK,87172,Delta,GEN,74.34,AMMK,68416,84.46,True
168,Thiruvarur,DMK,108906,Delta,GEN,73.25,DMK,93408,86.1,False
169,Nannilam,AIADMK,103637,Delta,GEN,81.08,AIADMK,103462,94.12,False
170,Thiruvidamarudur,DMK,95763,Delta,SC,75.76,DMK,79951,87.87,False
171,Kumbakonam,DMK,96057,Delta,GEN,71.45,TVK,78650,84.7,True
172,Papanasam,DMK,86567,Delta,GEN,74.76,IUML,69284,88.55,True
173,Thiruvaiyaru,DMK,103210,Delta,GEN,78.11,DMK,80425,90.58,False
174,Thanjavur,DMK,103772,Delta,GEN,65.72,TVK,87705,79.2,True
175,Orathanad,AIADMK,90063,Delta,GEN,78.29,DMK,86759,89.4,True
176,Pattukkottai,DMK,79065,Delta,GEN,71.66,DMK,65963,81.93,False
177,Peravurani,DMK,89130,Delta,GEN,77.02,DMK,60919,91.32,False
178,Gandharvakottai,CPIM,69710,Delta,SC,74.45,TVK,58795,85.67,True
179,Viralimalai,AIADMK,102179,Delta,GEN,85.43,AIADMK,105773,97.39,False
180,Pudukkottai,DMK,85802,Delta,GEN,72.94,DMK,66825,83.68,False
181,Thirumayam,DMK,71349,Delta,GEN,75.85,DMK,58201,86.39,False
182,Alangudi,DMK,87935,Delta,GEN,78.47,DMK,64929,90.93,False
183,Arantangi,INC,81835,Delta,GEN,70.21,TVK,73244,82.11,True
184,Karaikudi,INC,75954,South,GEN,66.23,TVK,101358,78.3,True
185,Tiruppattur,DMK,103682,South,GEN,71.98,TVK,83375,84.11,True
186,Sivaganga,AIADMK,82153,South,GEN,66.29,TVK,73737,81.29,True
187,Manamadurai,DMK,89364,South,SC,72.05,TVK,69971,86.16,True
188,Melur,AIADMK,83344,South,GEN,74.23,INC,60080,88.5,True
189,Madurai East,DMK,122729,South,GEN,71.34,TVK,118777,80.58,True
190,Sholavandan,DMK,84240,South,SC,79.49,TVK,63907,92.61,True
191,Madurai North,DMK,73010,South,GEN,63.6,TVK,72853,73.18,True
192,Madurai South,DMK,62812,South,GEN,63.8,TVK,62415,74.84,True
193,Madurai Central,DMK,73205,South,GEN,61.03,TVK,63414,75.62,True
194,Madurai West,AIADMK,83883,South,GEN,65.12,TVK,88250,79.38,True
195,Thiruparankundram,AIADMK,103683,South,GEN,72.73,TVK,114316,86.24,True
196,Thirumangalam,AIADMK,100338,South,GEN,78.13,DMK,88291,91.27,True
197,Usilampatti,AIADMK,71255,South,GEN,73.82,TVK,65743,86.37,True
198,Andipatti,DMK,93541,South,GEN,74.85,DMK,74324,87.61,False
199,Periyakulam,DMK,92251,South,SC,69.94,TVK,85656,83.66,True
200,Bodinayakanur,AIADMK,100050,South,GEN,76.3,DMK,85206,86.18,True
201,Cumbum,DMK,104800,South,GEN,69.51,TVK,85394,82.05,True
202,Rajapalayam,DMK,74158,South,GEN,73.89,TVK,65548,84.85,True
203,Srivilliputhur,AIADMK,70475,South,SC,73.14,TVK,65653,84.67,True
204,Sattur,DMK,74174,South,GEN,75.17,DMK,62060,86.96,False
205,Sivakasi,INC,78947,South,GEN,70.16,TVK,68709,82.33,True
206,Virudhunagar,DMK,73297,South,GEN,71.27,TVK,63653,82.49,True
207,Aruppukottai,DMK,91040,South,GEN,75.6,DMK,65104,84.22,False
208,Tiruchuli,DMK,102225,South,GEN,77.46,DMK,75085,89.68,False
209,Paramakudi,DMK,84864,South,SC,70.59,DMK,59161,81.98,False
210,Tiruvadanai,INC,79364,South,GEN,68.72,TVK,69551,80.33,True
211,Ramanathapuram,DMK,111082,South,GEN,68.81,DMK,89137,81.92,False
212,Mudukulathur,DMK,101901,South,GEN,70.29,DMK,68003,82.69,False
213,Vilathikulam,DMK,90348,South,GEN,76.52,DMK,58395,88.78,False
214,Thoothukkudi,DMK,92314,South,GEN,65.07,TVK,100536,76.92,True
215,Tiruchendur,DMK,88274,South,GEN,70.04,DMK,72723,82.05,False
216,Srivaikuntam,INC,76843,South,GEN,72.34,TVK,58814,82.85,True
217,Ottapidaram,DMK,73110,South,SC,69.82,TVK,81625,82.09,True
218,Kovilpatti,AIADMK,68556,South,GEN,67.43,DMK,61643,78.13,True
219,Sankarankovil,DMK,71347,South,SC,71.48,AIADMK,64865,82.68,True
220,Vasudevanallur,DMK,68730,South,SC,71.87,DMK,63045,81.94,False
221,Kadayanallur,AIADMK,88474,South,GEN,70.35,DMK,79832,83.19,True
222,Tenkasi,INC,89315,South,GEN,72.4,DMK,79699,87.41,True
223,Alangulam,AIADMK,74153,South,GEN,77.4,DMK,69170,90.26,True
224,Tirunelveli,BJP,92282,South,GEN,66.91,TVK,75840,74.87,True
225,Ambasamudram,AIADMK,85211,South,GEN,72.03,AIADMK,65589,84.56,False
226,Palayamcottai,DMK,89117,South,GEN,57.76,DMK,79744,69.38,False
227,Nanguneri,INC,75902,South,GEN,68.59,TVK,74952,80.98,True
228,Radhapuram,DMK,82331,South,GEN,68.08,TVK,69947,82.05,True
229,Kanniyakumari,AIADMK,109745,South,GEN,75.19,AIADMK,75045,87.64,False
230,Nagercoil,BJP,88804,South,GEN,67.06,DMK,69880,80.43,True
231,Colachel,INC,90681,South,GEN,67.27,INC,66207,79.96,False
232,Padmanabhapuram,DMK,87744,South,GEN,70.08,CPIM,68938,80.39,True
233,Vilavancode,INC,87473,South,GEN,66.83,INC,70755,80.21,False
234,Killiyoor,INC,101541,South,GEN,65.87,INC,66434,79.16,False
